0,WAT IS BEDRIJF 42,*,*,Bedrijf 42 is een bedrijf dat java applicaties ontwikkeld,C42.aiml
0,BEDRIJF 42,*,*,Bedrijf 42 is een bedrijf dat java applicaties ontwikkeld,C42.aiml
0,WIE IS DE EIGENAAR VAN BEDRIJF 42,*,*,De eigenaar van bedrijf 42 is Jan Jansen,C42.aiml
0,WAAR IS BEDRIJF 42 GEVESTIGD,*,*,Bedrijf 42 is gevestigd in Amsterdam,C42.aiml
0,WAT VOOR SOORT JAVA APPLICATIES ONTWIKKELT BEDRIJF 42,*,*,Bedrijf 42 ontwikkelt java applicaties voor web#Comma mobiel en desktop,C42.aiml
0,HOE LANG BESTAAT BEDRIJF 42,*,*,Bedrijf 42 bestaat al sinds 2010,C42.aiml
0,HOEVEEL MEDEWERKERS HEEFT BEDRIJF 42,*,*,Bedrijf 42 heeft ongeveer 20 medewerkers,C42.aiml
0,WAT IS SAAS,*,*,SaaS staat voor Software as a Service. Het betekent dat je software gebruikt die niet op je eigen computer staat#Comma maar op een server van een leverancier. Je betaalt meestal een abonnement om de software te gebruiken.,C42.aiml
0,WAT VOOR SOORT SAAS OPLOSSINGEN BIEDT BEDRIJF 42 AAN,*,*,Bedrijf 42 biedt SaaS oplossingen op maat aan voor organisaties#Comma zorg en overheid. Ze bouwen robuuste en schaalbare software die de vraag achter de vraag beantwoordt en de business ondersteunt als fundament voor de toekomst.,C42.aiml
0,WAT IS EEN VOORBEELD VAN EEN SAAS OPLOSSING VAN BEDRIJF 42,*,*,Een voorbeeld van een SaaS oplossing van bedrijf 42 is Tingit#Comma een persoonlijk client-volg- en activatiesysteem voor het sociale domein. Tingit helpt mensen in kwetsbare posities door digitale hulpmiddelen in te zetten en erachter te komen wat werkt voor wie en in welke situatie.,C42.aiml
0,WAAROM HEET BEDRIJF 42 ZO,*,*,Bedrijf 42 heeft zijn naam te danken aan een van de favoriete boeken van de oprichters. Het is hun eerbetoon aan het genie van Douglas Adams#Comma de schrijver van The Hitchhiker's Guide to the Galaxy. In dit boek is 42 het antwoord op de ultieme vraag over het leven#Comma het universum en alles.,C42.aiml
0,HOE KAN IK CONTACT OPNEMEN MET BEDRIJF 42,*,*,Je kan contact opnemen met bedrijf 42 via hun website https://www.42.nl/#Comma via e-mail info@42.nl of via telefoon +31 (0)20 737 00 42.,C42.aiml
